,ratio_d,ratio_pitch,ratio_top_diameter
0,0.004,0.25,0.0
1,0.0384999999999999,0.875,0.4
2,0.0557499999999999,0.5625,0.2
3,0.0212499999999999,1.1875,0.6000000000000001
4,0.0298749999999999,0.71875,0.5
5,0.0643749999999999,1.34375,0.1
6,0.047125,0.40625,0.7000000000000001
7,0.0126249999999999,1.03125,0.3
8,0.0169374999999999,0.640625,0.75
9,0.0514375,1.265625,0.35
10,0.0686875,0.328125,0.55
11,0.0341874999999999,0.953125,0.15
12,0.0255625,0.484375,0.25
13,0.0600624999999999,1.109375,0.65
14,0.0428124999999999,0.796875,0.05
15,0.0083125,1.421875,0.45
16,0.0104687499999999,0.8359375,0.375
17,0.04496875,1.4609375,0.775
18,0.0622187499999999,0.5234375,0.175
19,0.0277187499999999,1.1484375,0.5750000000000001
20,0.0363437499999999,0.3671875,0.675
21,0.07084375,0.9921875,0.275
22,0.0535937499999999,0.6796875,0.475
23,0.01909375,1.3046875,0.075
24,0.01478125,0.4453125,0.425
25,0.04928125,1.0703125,0.025
26,0.06653125,0.7578125,0.625
27,0.03203125,1.3828125,0.225
28,0.0234062499999999,0.6015625,0.125
29,0.0579062499999999,1.2265625,0.525
30,0.0406562499999999,0.2890625,0.325
31,0.00615625,0.9140625,0.7250000000000001
32,0.0072343749999999,0.58203125,0.5625
33,0.0417343749999999,1.20703125,0.1625
34,0.0589843749999999,0.26953125,0.7625000000000001
35,0.024484375,0.89453125,0.3625
36,0.0331093749999999,0.42578125,0.0625
37,0.067609375,1.05078125,0.4625
38,0.050359375,0.73828125,0.2625
39,0.015859375,1.36328125,0.6625000000000001
40,0.020171875,0.34765625,0.2125
41,0.0546718749999999,0.97265625,0.6125
42,0.071921875,0.66015625,0.0125
43,0.0374218749999999,1.28515625,0.4125
44,0.0287968749999999,0.81640625,0.7125
45,0.0632968749999999,1.44140625,0.3125
46,0.046046875,0.50390625,0.5125000000000001
47,0.0115468749999999,1.12890625,0.1125
48,0.009390625,0.54296875,0.6375000000000001
49,0.0438906249999999,1.16796875,0.2375
50,0.0611406249999999,0.85546875,0.4375
51,0.0266406249999999,1.48046875,0.0375
52,0.0352656249999999,0.69921875,0.3375
53,0.069765625,1.32421875,0.7375
54,0.0525156249999999,0.38671875,0.1375
55,0.018015625,1.01171875,0.5375
56,0.0137031249999999,0.77734375,0.1875
57,0.048203125,1.40234375,0.5875
58,0.0654531249999999,0.46484375,0.3875
59,0.0309531249999999,1.08984375,0.7875000000000001
60,0.0223281249999999,0.30859375,0.4875
61,0.0568281249999999,0.93359375,0.0875
62,0.0395781249999999,0.62109375,0.6875
63,0.005078125,1.24609375,0.2875
64,0.0056171875,0.748046875,0.65625
65,0.0401171875,1.373046875,0.25625
66,0.0573671875,0.435546875,0.45625
67,0.0228671874999999,1.060546875,0.05625
68,0.0314921875,0.279296875,0.35625
69,0.0659921875,0.904296875,0.7562500000000001
70,0.0487421874999999,0.591796875,0.15625
71,0.0142421875,1.216796875,0.55625
72,0.0185546875,0.513671875,0.10625
73,0.0530546874999999,1.138671875,0.50625
74,0.0703046874999999,0.826171875,0.30625
75,0.0358046875,1.451171875,0.70625
76,0.0271796874999999,0.669921875,0.40625
77,0.0616796875,1.294921875,0.00625
78,0.0444296874999999,0.357421875,0.6062500000000001
79,0.0099296875,0.982421875,0.20625
80,0.0120859375,0.396484375,0.53125
81,0.0465859374999999,1.021484375,0.13125
82,0.0638359375,0.708984375,0.7312500000000001
83,0.0293359374999999,1.333984375,0.33125
84,0.0379609375,0.865234375,0.03125
85,0.0724609374999999,1.490234375,0.43125
86,0.0552109374999999,0.552734375,0.23125
87,0.0207109375,1.177734375,0.6312500000000001
88,0.0163984374999999,0.630859375,0.28125
89,0.0508984374999999,1.255859375,0.68125
90,0.0681484374999999,0.318359375,0.08125
91,0.0336484374999999,0.943359375,0.48125
92,0.0250234375,0.474609375,0.78125
93,0.0595234375,1.099609375,0.38125
94,0.0422734375,0.787109375,0.58125
95,0.0077734374999999,1.412109375,0.18125
96,0.0066953125,0.416015625,0.31875
97,0.0411953125,1.041015625,0.71875
98,0.0584453125,0.728515625,0.11875
99,0.0239453124999999,1.353515625,0.51875
100,0.0325703125,0.572265625,0.61875
101,0.0670703124999999,1.197265625,0.21875
102,0.0498203124999999,0.259765625,0.41875
103,0.0153203124999999,0.884765625,0.01875
104,0.0196328125,0.806640625,0.46875
105,0.0541328124999999,1.431640625,0.06875
106,0.0713828124999999,0.494140625,0.6687500000000001
107,0.0368828125,1.119140625,0.26875
108,0.0282578124999999,0.337890625,0.16875
109,0.0627578125,0.962890625,0.56875
110,0.0455078124999999,0.650390625,0.36875
111,0.0110078124999999,1.275390625,0.76875
112,0.0088515625,0.689453125,0.09375
113,0.0433515624999999,1.314453125,0.49375
114,0.0606015625,0.376953125,0.29375
115,0.0261015624999999,1.001953125,0.6937500000000001
116,0.0347265624999999,0.533203125,0.59375
117,0.0692265624999999,1.158203125,0.19375
118,0.0519765624999999,0.845703125,0.7937500000000001
119,0.0174765625,1.470703125,0.39375
120,0.0131640624999999,0.298828125,0.74375
121,0.0476640624999999,0.923828125,0.34375
122,0.0649140625,0.611328125,0.5437500000000001
123,0.0304140625,1.236328125,0.14375
124,0.0217890624999999,0.767578125,0.24375
125,0.0562890625,1.392578125,0.64375
126,0.0390390625,0.455078125,0.04375
127,0.0045390625,1.080078125,0.44375
128,0.0048085937499999,0.6650390625,0.234375
129,0.0393085937499999,1.2900390625,0.634375
130,0.05655859375,0.3525390625,0.034375
131,0.0220585937499999,0.9775390625,0.434375
132,0.0306835937499999,0.5087890625,0.734375
133,0.0651835937499999,1.1337890625,0.334375
134,0.0479335937499999,0.8212890625,0.534375
135,0.0134335937499999,1.4462890625,0.134375
136,0.0177460937499999,0.2744140625,0.584375
137,0.05224609375,0.8994140625,0.184375
138,0.06949609375,0.5869140625,0.784375
139,0.03499609375,1.2119140625,0.384375
140,0.0263710937499999,0.7431640625,0.084375
141,0.0608710937499999,1.3681640625,0.484375
142,0.0436210937499999,0.4306640625,0.284375
143,0.00912109375,1.0556640625,0.6843750000000001
144,0.0112773437499999,0.4697265625,0.159375
145,0.0457773437499999,1.0947265625,0.5593750000000001
146,0.0630273437499999,0.7822265625,0.359375
147,0.0285273437499999,1.4072265625,0.759375
148,0.03715234375,0.6259765625,0.459375
149,0.07165234375,1.2509765625,0.059375
150,0.05440234375,0.3134765625,0.659375
151,0.01990234375,0.9384765625,0.259375
152,0.0155898437499999,0.8603515625,0.609375
153,0.05008984375,1.4853515625,0.209375
154,0.06733984375,0.5478515625,0.409375
155,0.03283984375,1.1728515625,0.009375
156,0.02421484375,0.3916015625,0.309375
157,0.0587148437499999,1.0166015625,0.7093750000000001
158,0.0414648437499999,0.7041015625,0.109375
159,0.00696484375,1.3291015625,0.509375
160,0.00804296875,0.3330078125,0.796875
161,0.0425429687499999,0.9580078125,0.396875
162,0.0597929687499999,0.6455078125,0.596875
163,0.02529296875,1.2705078125,0.196875
164,0.03391796875,0.8017578125,0.296875
165,0.06841796875,1.4267578125,0.696875
166,0.05116796875,0.4892578125,0.096875
167,0.0166679687499999,1.1142578125,0.496875
168,0.0209804687499999,0.5673828125,0.046875
169,0.05548046875,1.1923828125,0.446875
170,0.07273046875,0.2548828125,0.246875
171,0.0382304687499999,0.8798828125,0.6468750000000001
172,0.0296054687499999,0.4111328125,0.546875
173,0.0641054687499999,1.0361328125,0.146875
174,0.0468554687499999,0.7236328125,0.7468750000000001
175,0.01235546875,1.3486328125,0.346875
176,0.0101992187499999,0.7626953125,0.421875
177,0.0446992187499999,1.3876953125,0.021875
178,0.0619492187499999,0.4501953125,0.6218750000000001
179,0.0274492187499999,1.0751953125,0.221875
180,0.03607421875,0.2939453125,0.121875
181,0.07057421875,0.9189453125,0.521875
182,0.05332421875,0.6064453125,0.321875
183,0.0188242187499999,1.2314453125,0.721875
184,0.01451171875,0.5283203125,0.371875
185,0.0490117187499999,1.1533203125,0.7718750000000001
186,0.0662617187499999,0.8408203125,0.171875
187,0.03176171875,1.4658203125,0.571875
188,0.0231367187499999,0.6845703125,0.671875
189,0.0576367187499999,1.3095703125,0.271875
190,0.0403867187499999,0.3720703125,0.471875
191,0.00588671875,0.9970703125,0.071875
192,0.00534765625,0.4990234375,0.478125
193,0.03984765625,1.1240234375,0.078125
194,0.0570976562499999,0.8115234375,0.6781250000000001
195,0.0225976562499999,1.4365234375,0.278125
196,0.0312226562499999,0.6552734375,0.178125
197,0.06572265625,1.2802734375,0.578125
198,0.0484726562499999,0.3427734375,0.378125
199,0.0139726562499999,0.9677734375,0.7781250000000001
200,0.0182851562499999,0.7333984375,0.328125
201,0.0527851562499999,1.3583984375,0.728125
202,0.07003515625,0.4208984375,0.128125
203,0.0355351562499999,1.0458984375,0.5281250000000001
204,0.0269101562499999,0.2646484375,0.628125
205,0.0614101562499999,0.8896484375,0.228125
206,0.04416015625,0.5771484375,0.428125
207,0.00966015625,1.2021484375,0.028125
208,0.01181640625,0.6162109375,0.703125
209,0.04631640625,1.2412109375,0.303125
210,0.06356640625,0.3037109375,0.503125
211,0.0290664062499999,0.9287109375,0.103125
212,0.0376914062499999,0.4599609375,0.203125
213,0.0721914062499999,1.0849609375,0.603125
214,0.0549414062499999,0.7724609375,0.003125
215,0.02044140625,1.3974609375,0.403125
216,0.01612890625,0.3818359375,0.053125
217,0.0506289062499999,1.0068359375,0.453125
218,0.06787890625,0.6943359375,0.253125
219,0.0333789062499999,1.3193359375,0.6531250000000001
220,0.02475390625,0.8505859375,0.553125
221,0.0592539062499999,1.4755859375,0.153125
222,0.04200390625,0.5380859375,0.753125
223,0.0075039062499999,1.1630859375,0.353125
224,0.00642578125,0.8310546875,0.140625
225,0.04092578125,1.4560546875,0.540625
226,0.0581757812499999,0.5185546875,0.340625
227,0.0236757812499999,1.1435546875,0.7406250000000001
228,0.0323007812499999,0.3623046875,0.440625
229,0.06680078125,0.9873046875,0.040625
230,0.0495507812499999,0.6748046875,0.640625
231,0.0150507812499999,1.2998046875,0.240625
232,0.0193632812499999,0.4404296875,0.690625
233,0.0538632812499999,1.0654296875,0.290625
234,0.07111328125,0.7529296875,0.490625
235,0.0366132812499999,1.3779296875,0.090625
236,0.0279882812499999,0.5966796875,0.390625
237,0.06248828125,1.2216796875,0.790625
238,0.04523828125,0.2841796875,0.190625
239,0.0107382812499999,0.9091796875,0.5906250000000001
240,0.00858203125,0.3232421875,0.265625
241,0.04308203125,0.9482421875,0.665625
242,0.0603320312499999,0.6357421875,0.065625
243,0.0258320312499999,1.2607421875,0.465625
244,0.0344570312499999,0.7919921875,0.765625
245,0.06895703125,1.4169921875,0.365625
246,0.0517070312499999,0.4794921875,0.565625
247,0.0172070312499999,1.1044921875,0.165625
248,0.0128945312499999,0.7138671875,0.515625
249,0.04739453125,1.3388671875,0.115625
250,0.06464453125,0.4013671875,0.7156250000000001
251,0.03014453125,1.0263671875,0.315625
252,0.0215195312499999,0.5576171875,0.015625
253,0.0560195312499999,1.1826171875,0.415625
254,0.03876953125,0.8701171875,0.215625
255,0.00426953125,1.4951171875,0.6156250000000001
256,0.004404296875,0.87255859375,0.5421875
257,0.0389042968749999,1.49755859375,0.1421875
258,0.0561542968749999,0.56005859375,0.7421875
259,0.021654296875,1.18505859375,0.3421875
260,0.0302792968749999,0.40380859375,0.0421875
261,0.0647792968749999,1.02880859375,0.4421875
262,0.047529296875,0.71630859375,0.2421875
263,0.0130292968749999,1.34130859375,0.6421875
264,0.017341796875,0.48193359375,0.2921875
265,0.051841796875,1.10693359375,0.6921875000000001
266,0.069091796875,0.79443359375,0.0921875
267,0.034591796875,1.41943359375,0.4921875
268,0.0259667968749999,0.63818359375,0.7921875
269,0.0604667968749999,1.26318359375,0.3921875
270,0.0432167968749999,0.32568359375,0.5921875
271,0.0087167968749999,0.95068359375,0.1921875
272,0.010873046875,0.28662109375,0.6671875
273,0.0453730468749999,0.91162109375,0.2671875
274,0.0626230468749999,0.59912109375,0.4671875
275,0.028123046875,1.22412109375,0.0671875
276,0.0367480468749999,0.75537109375,0.3671875
277,0.071248046875,1.38037109375,0.7671875
278,0.053998046875,0.44287109375,0.1671875
279,0.0194980468749999,1.06787109375,0.5671875000000001
280,0.0151855468749999,0.67724609375,0.1171875
281,0.049685546875,1.30224609375,0.5171875
282,0.066935546875,0.36474609375,0.3171875
283,0.032435546875,0.98974609375,0.7171875000000001
284,0.0238105468749999,0.52099609375,0.4171875
285,0.0583105468749999,1.14599609375,0.0171875
286,0.0410605468749999,0.83349609375,0.6171875
287,0.006560546875,1.45849609375,0.2171875
288,0.0076386718749999,0.54052734375,0.0796875
289,0.0421386718749999,1.16552734375,0.4796875
290,0.0593886718749999,0.85302734375,0.2796875
291,0.0248886718749999,1.47802734375,0.6796875
292,0.033513671875,0.69677734375,0.5796875
293,0.068013671875,1.32177734375,0.1796875
294,0.050763671875,0.38427734375,0.7796875000000001
295,0.0162636718749999,1.00927734375,0.3796875
296,0.0205761718749999,0.77490234375,0.7296875
297,0.0550761718749999,1.39990234375,0.3296875
298,0.072326171875,0.46240234375,0.5296875
299,0.0378261718749999,1.08740234375,0.1296875
300,0.0292011718749999,0.30615234375,0.2296875
301,0.0637011718749999,0.93115234375,0.6296875000000001
302,0.0464511718749999,0.61865234375,0.0296875
303,0.011951171875,1.24365234375,0.4296875
304,0.009794921875,0.57958984375,0.3046875
305,0.0442949218749999,1.20458984375,0.7046875
306,0.0615449218749999,0.26708984375,0.1046875
307,0.027044921875,0.89208984375,0.5046875000000001
308,0.0356699218749999,0.42333984375,0.6046875
309,0.070169921875,1.04833984375,0.2046875
310,0.052919921875,0.73583984375,0.4046875
311,0.018419921875,1.36083984375,0.0046875
312,0.014107421875,0.34521484375,0.4546875
313,0.048607421875,0.97021484375,0.0546875
314,0.0658574218749999,0.65771484375,0.6546875000000001
315,0.031357421875,1.28271484375,0.2546875
316,0.022732421875,0.81396484375,0.1546875
317,0.0572324218749999,1.43896484375,0.5546875
318,0.0399824218749999,0.50146484375,0.3546875
319,0.005482421875,1.12646484375,0.7546875000000001
320,0.006021484375,0.37451171875,0.3984375
321,0.040521484375,0.99951171875,0.7984375
322,0.0577714843749999,0.68701171875,0.1984375
323,0.023271484375,1.31201171875,0.5984375000000001
324,0.0318964843749999,0.84326171875,0.6984375
325,0.066396484375,1.46826171875,0.2984375
326,0.0491464843749999,0.53076171875,0.4984375
327,0.014646484375,1.15576171875,0.0984375
328,0.0189589843749999,0.60888671875,0.4484375
329,0.0534589843749999,1.23388671875,0.0484375
330,0.0707089843749999,0.29638671875,0.6484375
331,0.036208984375,0.92138671875,0.2484375
332,0.027583984375,0.45263671875,0.1484375
333,0.062083984375,1.07763671875,0.5484375
334,0.044833984375,0.76513671875,0.3484375
335,0.0103339843749999,1.39013671875,0.7484375000000001
336,0.012490234375,0.72607421875,0.0234375
337,0.0469902343749999,1.35107421875,0.4234375
338,0.064240234375,0.41357421875,0.2234375
339,0.0297402343749999,1.03857421875,0.6234375000000001
340,0.038365234375,0.25732421875,0.5234375
341,0.0728652343749999,0.88232421875,0.1234375
342,0.0556152343749999,0.56982421875,0.7234375000000001
343,0.0211152343749999,1.19482421875,0.3234375
344,0.0168027343749999,0.49169921875,0.7734375
345,0.0513027343749999,1.11669921875,0.3734375
346,0.068552734375,0.80419921875,0.5734375
347,0.034052734375,1.42919921875,0.1734375
348,0.0254277343749999,0.64794921875,0.2734375
349,0.059927734375,1.27294921875,0.6734375
350,0.042677734375,0.33544921875,0.0734375
351,0.0081777343749999,0.96044921875,0.4734375
352,0.007099609375,0.70654296875,0.6359375
353,0.041599609375,1.33154296875,0.2359375
354,0.058849609375,0.39404296875,0.4359375
355,0.0243496093749999,1.01904296875,0.0359375
356,0.032974609375,0.55029296875,0.3359375
357,0.067474609375,1.17529296875,0.7359375
358,0.0502246093749999,0.86279296875,0.1359375
359,0.0157246093749999,1.48779296875,0.5359375000000001
360,0.0200371093749999,0.31591796875,0.1859375
361,0.0545371093749999,0.94091796875,0.5859375
362,0.0717871093749999,0.62841796875,0.3859375
363,0.037287109375,1.25341796875,0.7859375000000001
364,0.0286621093749999,0.78466796875,0.4859375
365,0.063162109375,1.40966796875,0.0859375
366,0.0459121093749999,0.47216796875,0.6859375000000001
367,0.011412109375,1.09716796875,0.2859375
368,0.009255859375,0.43310546875,0.5609375
369,0.043755859375,1.05810546875,0.1609375
370,0.061005859375,0.74560546875,0.7609375
371,0.0265058593749999,1.37060546875,0.3609375
372,0.035130859375,0.58935546875,0.0609375
373,0.0696308593749999,1.21435546875,0.4609375
374,0.0523808593749999,0.27685546875,0.2609375
375,0.017880859375,0.90185546875,0.6609375000000001
376,0.0135683593749999,0.82373046875,0.2109375
377,0.0480683593749999,1.44873046875,0.6109375
378,0.065318359375,0.51123046875,0.0109375
379,0.0308183593749999,1.13623046875,0.4109375
380,0.022193359375,0.35498046875,0.7109375
381,0.0566933593749999,0.97998046875,0.3109375
382,0.039443359375,0.66748046875,0.5109375
383,0.004943359375,1.29248046875,0.1109375
384,0.004673828125,0.45751953125,0.7203125
385,0.0391738281249999,1.08251953125,0.3203125
386,0.0564238281249999,0.77001953125,0.5203125000000001
387,0.021923828125,1.39501953125,0.1203125
388,0.0305488281249999,0.61376953125,0.2203125
389,0.065048828125,1.23876953125,0.6203125
390,0.047798828125,0.30126953125,0.0203125
391,0.0132988281249999,0.92626953125,0.4203125
392,0.017611328125,0.84814453125,0.0703125
393,0.0521113281249999,1.47314453125,0.4703125
394,0.069361328125,0.53564453125,0.2703125
395,0.0348613281249999,1.16064453125,0.6703125000000001
396,0.0262363281249999,0.37939453125,0.5703125
397,0.0607363281249999,1.00439453125,0.1703125
398,0.043486328125,0.69189453125,0.7703125000000001
399,0.0089863281249999,1.31689453125,0.3703125
400,0.011142578125,0.65283203125,0.4953125
401,0.045642578125,1.27783203125,0.0953125
402,0.0628925781249999,0.34033203125,0.6953125
403,0.0283925781249999,0.96533203125,0.2953125
404,0.0370175781249999,0.49658203125,0.1953125
405,0.071517578125,1.12158203125,0.5953125
406,0.0542675781249999,0.80908203125,0.3953125
407,0.0197675781249999,1.43408203125,0.7953125000000001
408,0.0154550781249999,0.26220703125,0.3453125
409,0.0499550781249999,0.88720703125,0.7453125
410,0.067205078125,0.57470703125,0.1453125
411,0.0327050781249999,1.19970703125,0.5453125
412,0.0240800781249999,0.73095703125,0.6453125000000001
413,0.0585800781249999,1.35595703125,0.2453125
414,0.0413300781249999,0.41845703125,0.4453125
415,0.006830078125,1.04345703125,0.0453125
416,0.0079082031249999,0.78955078125,0.2578125
417,0.042408203125,1.41455078125,0.6578125
418,0.0596582031249999,0.47705078125,0.0578125
419,0.0251582031249999,1.10205078125,0.4578125
420,0.0337832031249999,0.32080078125,0.7578125
421,0.068283203125,0.94580078125,0.3578125
422,0.0510332031249999,0.63330078125,0.5578125
423,0.016533203125,1.25830078125,0.1578125
424,0.0208457031249999,0.55517578125,0.5078125
425,0.0553457031249999,1.18017578125,0.1078125
426,0.072595703125,0.86767578125,0.7078125000000001
427,0.0380957031249999,1.49267578125,0.3078125
428,0.0294707031249999,0.71142578125,0.0078125
429,0.0639707031249999,1.33642578125,0.4078125
430,0.046720703125,0.39892578125,0.2078125
431,0.012220703125,1.02392578125,0.6078125000000001
432,0.010064453125,0.35986328125,0.1328125
433,0.044564453125,0.98486328125,0.5328125
434,0.0618144531249999,0.67236328125,0.3328125
435,0.027314453125,1.29736328125,0.7328125000000001
436,0.0359394531249999,0.82861328125,0.4328125
437,0.070439453125,1.45361328125,0.0328125
438,0.0531894531249999,0.51611328125,0.6328125
439,0.0186894531249999,1.14111328125,0.2328125
440,0.014376953125,0.59423828125,0.6828125
441,0.048876953125,1.21923828125,0.2828125
442,0.066126953125,0.28173828125,0.4828125
443,0.0316269531249999,0.90673828125,0.0828125
444,0.023001953125,0.43798828125,0.3828125
445,0.0575019531249999,1.06298828125,0.7828125
446,0.0402519531249999,0.75048828125,0.1828125
447,0.005751953125,1.37548828125,0.5828125000000001
448,0.005212890625,0.62353515625,0.1640625
449,0.039712890625,1.24853515625,0.5640625
450,0.056962890625,0.31103515625,0.3640625
451,0.022462890625,0.93603515625,0.7640625000000001
452,0.0310878906249999,0.46728515625,0.4640625
453,0.0655878906249999,1.09228515625,0.0640625
454,0.0483378906249999,0.77978515625,0.6640625
455,0.0138378906249999,1.40478515625,0.2640625
456,0.018150390625,0.38916015625,0.6140625000000001
457,0.0526503906249999,1.01416015625,0.2140625
458,0.0699003906249999,0.70166015625,0.4140625
459,0.035400390625,1.32666015625,0.0140625
460,0.0267753906249999,0.85791015625,0.3140625
461,0.0612753906249999,1.48291015625,0.7140625
462,0.0440253906249999,0.54541015625,0.1140625
463,0.009525390625,1.17041015625,0.5140625
464,0.011681640625,0.50634765625,0.2390625
465,0.0461816406249999,1.13134765625,0.6390625000000001
466,0.063431640625,0.81884765625,0.0390625
467,0.0289316406249999,1.44384765625,0.4390625
468,0.037556640625,0.66259765625,0.7390625000000001
469,0.072056640625,1.28759765625,0.3390625
470,0.054806640625,0.35009765625,0.5390625
471,0.0203066406249999,0.97509765625,0.1390625
472,0.015994140625,0.74072265625,0.5890625
473,0.0504941406249999,1.36572265625,0.1890625
474,0.0677441406249999,0.42822265625,0.7890625
475,0.033244140625,1.05322265625,0.3890625
476,0.0246191406249999,0.27197265625,0.0890625
477,0.059119140625,0.89697265625,0.4890625
478,0.0418691406249999,0.58447265625,0.2890625
479,0.0073691406249999,1.20947265625,0.6890625
480,0.006291015625,0.29150390625,0.4015625
481,0.0407910156249999,0.91650390625,0.0015625
482,0.058041015625,0.60400390625,0.6015625
483,0.0235410156249999,1.22900390625,0.2015625
484,0.0321660156249999,0.76025390625,0.1015625
485,0.0666660156249999,1.38525390625,0.5015625
486,0.0494160156249999,0.44775390625,0.3015625
487,0.014916015625,1.07275390625,0.7015625000000001
488,0.0192285156249999,0.68212890625,0.3515625
489,0.053728515625,1.30712890625,0.7515625
490,0.070978515625,0.36962890625,0.1515625
491,0.036478515625,0.99462890625,0.5515625000000001
492,0.027853515625,0.52587890625,0.6515625
493,0.0623535156249999,1.15087890625,0.2515625
494,0.0451035156249999,0.83837890625,0.4515625
495,0.010603515625,1.46337890625,0.0515625
496,0.0084472656249999,0.79931640625,0.7765625
497,0.0429472656249999,1.42431640625,0.3765625
498,0.0601972656249999,0.48681640625,0.5765625
499,0.0256972656249999,1.11181640625,0.1765625
500,0.034322265625,0.33056640625,0.2765625
501,0.0688222656249999,0.95556640625,0.6765625000000001
502,0.0515722656249999,0.64306640625,0.0765625
503,0.017072265625,1.26806640625,0.4765625
504,0.0127597656249999,0.40869140625,0.0265625
505,0.0472597656249999,1.03369140625,0.4265625
506,0.0645097656249999,0.72119140625,0.2265625
507,0.0300097656249999,1.34619140625,0.6265625
508,0.021384765625,0.56494140625,0.5265625
509,0.055884765625,1.18994140625,0.1265625
510,0.038634765625,0.25244140625,0.7265625
511,0.004134765625,0.87744140625,0.3265625
512,0.0042021484375,0.563720703125,0.76328125
513,0.0387021484375,1.188720703125,0.36328125
514,0.0559521484374999,0.251220703125,0.5632812500000001
515,0.0214521484375,0.876220703125,0.16328125
516,0.0300771484374999,0.407470703125,0.26328125
517,0.0645771484375,1.032470703125,0.66328125
518,0.0473271484374999,0.719970703125,0.06328125
519,0.0128271484375,1.344970703125,0.46328125
520,0.0171396484375,0.329345703125,0.01328125
521,0.0516396484374999,0.954345703125,0.41328125
522,0.0688896484374999,0.641845703125,0.21328125
523,0.0343896484374999,1.266845703125,0.61328125
524,0.0257646484375,0.798095703125,0.51328125
525,0.0602646484375,1.423095703125,0.11328125
526,0.0430146484375,0.485595703125,0.7132812500000001
527,0.0085146484375,1.110595703125,0.31328125
528,0.0106708984375,0.524658203125,0.43828125
529,0.0451708984374999,1.149658203125,0.03828125
530,0.0624208984375,0.837158203125,0.63828125
531,0.0279208984374999,1.462158203125,0.23828125
532,0.0365458984375,0.680908203125,0.13828125
533,0.0710458984374999,1.305908203125,0.53828125
534,0.0537958984374999,0.368408203125,0.33828125
535,0.0192958984375,0.993408203125,0.73828125
536,0.0149833984374999,0.759033203125,0.38828125
537,0.0494833984374999,1.384033203125,0.78828125
538,0.0667333984375,0.446533203125,0.18828125
539,0.0322333984375,1.071533203125,0.58828125
540,0.0236083984374999,0.290283203125,0.6882812500000001
541,0.0581083984375,0.915283203125,0.28828125
542,0.0408583984375,0.602783203125,0.48828125
543,0.0063583984374999,1.227783203125,0.08828125
544,0.0074365234375,0.270751953125,0.20078125
545,0.0419365234375,0.895751953125,0.60078125
546,0.0591865234375,0.583251953125,0.00078125
547,0.0246865234374999,1.208251953125,0.40078125
548,0.0333115234375,0.739501953125,0.70078125
549,0.0678115234375,1.364501953125,0.30078125
550,0.0505615234374999,0.427001953125,0.5007812500000001
551,0.0160615234375,1.052001953125,0.10078125
552,0.0203740234375,0.661376953125,0.55078125
553,0.0548740234374999,1.286376953125,0.15078125
554,0.0721240234374999,0.348876953125,0.7507812500000001
555,0.0376240234375,0.973876953125,0.35078125
556,0.0289990234374999,0.505126953125,0.05078125
557,0.0634990234375,1.130126953125,0.45078125
558,0.0462490234374999,0.817626953125,0.25078125
559,0.0117490234374999,1.442626953125,0.6507812500000001
560,0.0095927734375,0.856689453125,0.17578125
561,0.0440927734374999,1.481689453125,0.57578125
562,0.0613427734375,0.544189453125,0.37578125
563,0.0268427734375,1.169189453125,0.7757812500000001
564,0.0354677734375,0.387939453125,0.47578125
565,0.0699677734374999,1.012939453125,0.07578125
566,0.0527177734374999,0.700439453125,0.67578125
567,0.0182177734374999,1.325439453125,0.27578125
568,0.0139052734374999,0.466064453125,0.6257812500000001
569,0.0484052734374999,1.091064453125,0.22578125
570,0.0656552734375,0.778564453125,0.42578125
571,0.0311552734374999,1.403564453125,0.02578125
572,0.0225302734374999,0.622314453125,0.32578125
573,0.0570302734374999,1.247314453125,0.72578125
574,0.0397802734375,0.309814453125,0.12578125
575,0.0052802734375,0.934814453125,0.52578125
576,0.0058193359375,0.436767578125,0.11953125
577,0.0403193359374999,1.061767578125,0.51953125
578,0.0575693359374999,0.749267578125,0.31953125
579,0.0230693359374999,1.374267578125,0.7195312500000001
580,0.0316943359375,0.593017578125,0.41953125
581,0.0661943359374999,1.218017578125,0.01953125
582,0.0489443359375,0.280517578125,0.6195312500000001
583,0.0144443359374999,0.905517578125,0.21953125
584,0.0187568359375,0.827392578125,0.66953125
585,0.0532568359375,1.452392578125,0.26953125
586,0.0705068359375,0.514892578125,0.46953125
587,0.0360068359374999,1.139892578125,0.06953125
588,0.0273818359374999,0.358642578125,0.36953125
589,0.0618818359374999,0.983642578125,0.76953125
590,0.0446318359374999,0.671142578125,0.16953125
591,0.0101318359375,1.296142578125,0.56953125
592,0.0122880859374999,0.710205078125,0.29453125
593,0.0467880859375,1.335205078125,0.69453125
594,0.0640380859374999,0.397705078125,0.09453125
595,0.0295380859374999,1.022705078125,0.49453125
596,0.0381630859374999,0.553955078125,0.79453125
597,0.0726630859375,1.178955078125,0.39453125
598,0.0554130859374999,0.866455078125,0.5945312500000001
599,0.0209130859375,1.491455078125,0.19453125
600,0.0166005859375,0.319580078125,0.54453125
601,0.0511005859375,0.944580078125,0.14453125
602,0.0683505859375,0.632080078125,0.7445312500000001
603,0.0338505859375,1.257080078125,0.34453125
604,0.0252255859374999,0.788330078125,0.04453125
605,0.0597255859374999,1.413330078125,0.44453125
606,0.0424755859374999,0.475830078125,0.24453125
607,0.0079755859375,1.100830078125,0.64453125
608,0.0068974609375,0.729736328125,0.45703125
609,0.0413974609374999,1.354736328125,0.05703125
610,0.0586474609374999,0.417236328125,0.6570312500000001
611,0.0241474609374999,1.042236328125,0.25703125
612,0.0327724609375,0.260986328125,0.15703125
613,0.0672724609375,0.885986328125,0.55703125
614,0.0500224609375,0.573486328125,0.35703125
615,0.0155224609375,1.198486328125,0.75703125
616,0.0198349609375,0.495361328125,0.30703125
617,0.0543349609374999,1.120361328125,0.70703125
618,0.0715849609375,0.807861328125,0.10703125
619,0.0370849609374999,1.432861328125,0.50703125
620,0.0284599609374999,0.651611328125,0.60703125
621,0.0629599609374999,1.276611328125,0.20703125
622,0.0457099609375,0.339111328125,0.40703125
623,0.0112099609375,0.964111328125,0.00703125
624,0.0090537109375,0.378173828125,0.73203125
625,0.0435537109374999,1.003173828125,0.33203125
626,0.0608037109374999,0.690673828125,0.5320312500000001
627,0.0263037109375,1.315673828125,0.13203125
628,0.0349287109374999,0.846923828125,0.23203125
629,0.0694287109375,1.471923828125,0.63203125
630,0.0521787109375,0.534423828125,0.03203125
631,0.0176787109374999,1.159423828125,0.43203125
632,0.0133662109375,0.612548828125,0.08203125
633,0.0478662109375,1.237548828125,0.48203125
634,0.0651162109374999,0.300048828125,0.28203125
635,0.0306162109374999,0.925048828125,0.6820312500000001
636,0.0219912109375,0.456298828125,0.58203125
637,0.0564912109374999,1.081298828125,0.18203125
638,0.0392412109374999,0.768798828125,0.7820312500000001
639,0.0047412109375,1.393798828125,0.38203125
640,0.0050107421875,0.353759765625,0.59765625
641,0.0395107421874999,0.978759765625,0.19765625
642,0.0567607421874999,0.666259765625,0.7976562500000001
643,0.0222607421874999,1.291259765625,0.39765625
644,0.0308857421874999,0.822509765625,0.09765625
645,0.0653857421875,1.447509765625,0.49765625
646,0.0481357421875,0.510009765625,0.29765625
647,0.0136357421875,1.135009765625,0.6976562500000001
648,0.0179482421874999,0.588134765625,0.24765625
649,0.0524482421874999,1.213134765625,0.64765625
650,0.0696982421875,0.275634765625,0.04765625
651,0.0351982421874999,0.900634765625,0.44765625
652,0.0265732421875,0.431884765625,0.74765625
653,0.0610732421874999,1.056884765625,0.34765625
654,0.0438232421875,0.744384765625,0.5476562500000001
655,0.0093232421875,1.369384765625,0.14765625
656,0.0114794921874999,0.783447265625,0.62265625
657,0.0459794921875,1.408447265625,0.22265625
658,0.0632294921875,0.470947265625,0.42265625
659,0.0287294921874999,1.095947265625,0.02265625
660,0.0373544921874999,0.314697265625,0.32265625
661,0.0718544921875,0.939697265625,0.72265625
662,0.0546044921874999,0.627197265625,0.12265625
663,0.0201044921875,1.252197265625,0.52265625
664,0.0157919921875,0.549072265625,0.17265625
665,0.0502919921874999,1.174072265625,0.57265625
666,0.0675419921875,0.861572265625,0.37265625
667,0.0330419921874999,1.486572265625,0.77265625
668,0.0244169921874999,0.705322265625,0.47265625
669,0.0589169921874999,1.330322265625,0.07265625
670,0.0416669921875,0.392822265625,0.6726562500000001
671,0.0071669921874999,1.017822265625,0.27265625
672,0.0082451171875,0.646728515625,0.03515625
673,0.0427451171875,1.271728515625,0.43515625
674,0.0599951171874999,0.334228515625,0.23515625
675,0.0254951171874999,0.959228515625,0.6351562500000001
676,0.0341201171874999,0.490478515625,0.53515625
677,0.0686201171875,1.115478515625,0.13515625
678,0.0513701171874999,0.802978515625,0.7351562500000001
679,0.0168701171875,1.427978515625,0.33515625
680,0.0211826171875,0.256103515625,0.78515625
681,0.0556826171874999,0.881103515625,0.38515625
682,0.0729326171874999,0.568603515625,0.58515625
683,0.0384326171874999,1.193603515625,0.18515625
684,0.0298076171874999,0.724853515625,0.28515625
685,0.0643076171875,1.349853515625,0.68515625
686,0.0470576171875,0.412353515625,0.08515625
687,0.0125576171874999,1.037353515625,0.48515625
688,0.0104013671875,0.451416015625,0.36015625
689,0.0449013671875,1.076416015625,0.7601562500000001
690,0.0621513671874999,0.763916015625,0.16015625
691,0.0276513671874999,1.388916015625,0.56015625
692,0.0362763671874999,0.607666015625,0.66015625
693,0.0707763671875,1.232666015625,0.26015625
694,0.0535263671874999,0.295166015625,0.46015625
695,0.0190263671874999,0.920166015625,0.06015625
696,0.0147138671874999,0.842041015625,0.41015625
697,0.0492138671874999,1.467041015625,0.01015625
698,0.0664638671875,0.529541015625,0.6101562500000001
699,0.0319638671874999,1.154541015625,0.21015625
700,0.0233388671874999,0.373291015625,0.11015625
701,0.0578388671874999,0.998291015625,0.51015625
702,0.0405888671875,0.685791015625,0.31015625
703,0.0060888671874999,1.310791015625,0.71015625
704,0.0055498046875,0.812744140625,0.34140625
705,0.0400498046874999,1.437744140625,0.74140625
706,0.0572998046875,0.500244140625,0.14140625
707,0.0227998046874999,1.125244140625,0.54140625
708,0.0314248046875,0.343994140625,0.6414062500000001
709,0.0659248046874999,0.968994140625,0.24140625
710,0.0486748046874999,0.656494140625,0.44140625
711,0.0141748046874999,1.281494140625,0.04140625
712,0.0184873046874999,0.422119140625,0.49140625
713,0.0529873046875,1.047119140625,0.09140625
714,0.0702373046875,0.734619140625,0.69140625
715,0.0357373046875,1.359619140625,0.29140625
716,0.0271123046874999,0.578369140625,0.19140625
717,0.0616123046874999,1.203369140625,0.59140625
718,0.0443623046874999,0.265869140625,0.39140625
719,0.0098623046875,0.890869140625,0.7914062500000001
720,0.0120185546874999,0.304931640625,0.06640625
721,0.0465185546874999,0.929931640625,0.46640625
722,0.0637685546874999,0.617431640625,0.26640625
723,0.0292685546874999,1.242431640625,0.6664062500000001
724,0.0378935546875,0.773681640625,0.56640625
725,0.0723935546875,1.398681640625,0.16640625
726,0.0551435546875,0.461181640625,0.7664062500000001
727,0.0206435546875,1.086181640625,0.36640625
728,0.0163310546875,0.695556640625,0.71640625
729,0.0508310546874999,1.320556640625,0.31640625
730,0.0680810546874999,0.383056640625,0.5164062500000001
731,0.0335810546875,1.008056640625,0.11640625
732,0.0249560546874999,0.539306640625,0.21640625
733,0.0594560546874999,1.164306640625,0.61640625
734,0.0422060546874999,0.851806640625,0.01640625
735,0.0077060546875,1.476806640625,0.41640625
736,0.0066279296875,0.519775390625,0.67890625
737,0.0411279296874999,1.144775390625,0.27890625
738,0.0583779296874999,0.832275390625,0.47890625
739,0.0238779296874999,1.457275390625,0.07890625
740,0.0325029296875,0.676025390625,0.37890625
741,0.0670029296874999,1.301025390625,0.77890625
742,0.0497529296874999,0.363525390625,0.17890625
743,0.0152529296874999,0.988525390625,0.5789062500000001
744,0.0195654296874999,0.754150390625,0.12890625
745,0.0540654296875,1.379150390625,0.52890625
746,0.0713154296875,0.441650390625,0.32890625
747,0.0368154296875,1.066650390625,0.7289062500000001
748,0.0281904296874999,0.285400390625,0.42890625
749,0.0626904296875,0.910400390625,0.02890625
750,0.0454404296874999,0.597900390625,0.62890625
751,0.0109404296875,1.222900390625,0.22890625
752,0.0087841796875,0.636962890625,0.50390625
753,0.0432841796874999,1.261962890625,0.10390625
754,0.0605341796874999,0.324462890625,0.7039062500000001
755,0.0260341796875,0.949462890625,0.30390625
756,0.0346591796875,0.480712890625,0.00390625
757,0.0691591796875,1.105712890625,0.40390625
758,0.0519091796875,0.793212890625,0.20390625
759,0.0174091796874999,1.418212890625,0.6039062500000001
760,0.0130966796875,0.402587890625,0.25390625
761,0.0475966796874999,1.027587890625,0.65390625
762,0.0648466796874999,0.715087890625,0.05390625
763,0.0303466796874999,1.340087890625,0.45390625
764,0.0217216796875,0.871337890625,0.75390625
765,0.0562216796875,1.496337890625,0.35390625
766,0.0389716796875,0.558837890625,0.55390625
767,0.0044716796875,1.183837890625,0.15390625
768,0.0043369140625,0.561279296875,0.28046875
769,0.0388369140624999,1.186279296875,0.6804687500000001
770,0.0560869140624999,0.873779296875,0.08046875
771,0.0215869140624999,1.498779296875,0.48046875
772,0.0302119140624999,0.717529296875,0.78046875
773,0.0647119140624999,1.342529296875,0.38046875
774,0.0474619140625,0.405029296875,0.58046875
775,0.0129619140625,1.030029296875,0.18046875
776,0.0172744140625,0.795654296875,0.53046875
777,0.0517744140624999,1.420654296875,0.13046875
778,0.0690244140625,0.483154296875,0.73046875
779,0.0345244140624999,1.108154296875,0.33046875
780,0.0258994140624999,0.326904296875,0.03046875
781,0.0603994140624999,0.951904296875,0.43046875
782,0.0431494140625,0.639404296875,0.23046875
783,0.0086494140625,1.264404296875,0.63046875
784,0.0108056640625,0.600341796875,0.10546875
785,0.0453056640625,1.225341796875,0.50546875
786,0.0625556640624999,0.287841796875,0.30546875
787,0.0280556640624999,0.912841796875,0.7054687500000001
788,0.0366806640624999,0.444091796875,0.40546875
789,0.0711806640625,1.069091796875,0.00546875
790,0.0539306640624999,0.756591796875,0.60546875
791,0.0194306640625,1.381591796875,0.20546875
792,0.0151181640624999,0.365966796875,0.65546875
793,0.0496181640625,0.990966796875,0.25546875
794,0.0668681640625,0.678466796875,0.45546875
795,0.0323681640624999,1.303466796875,0.05546875
796,0.0237431640625,0.834716796875,0.35546875
797,0.0582431640624999,1.459716796875,0.75546875
798,0.0409931640624999,0.522216796875,0.15546875
799,0.0064931640624999,1.147216796875,0.5554687500000001
800,0.0075712890625,0.854248046875,0.7429687500000001
801,0.0420712890624999,1.479248046875,0.34296875
802,0.0593212890624999,0.541748046875,0.54296875
803,0.0248212890624999,1.166748046875,0.14296875
804,0.0334462890624999,0.385498046875,0.24296875
805,0.0679462890625,1.010498046875,0.6429687500000001
806,0.0506962890625,0.697998046875,0.04296875
807,0.0161962890625,1.322998046875,0.44296875
808,0.0205087890624999,0.463623046875,0.09296875
809,0.0550087890624999,1.088623046875,0.49296875
810,0.0722587890625,0.776123046875,0.29296875
811,0.0377587890624999,1.401123046875,0.69296875
812,0.0291337890625,0.619873046875,0.59296875
813,0.0636337890624999,1.244873046875,0.19296875
814,0.0463837890625,0.307373046875,0.79296875
815,0.0118837890624999,0.932373046875,0.39296875
816,0.0097275390624999,0.268310546875,0.46796875
817,0.0442275390625,0.893310546875,0.06796875
818,0.0614775390624999,0.580810546875,0.66796875
819,0.0269775390624999,1.205810546875,0.26796875
820,0.0356025390624999,0.737060546875,0.16796875
821,0.0701025390625,1.362060546875,0.56796875
822,0.0528525390624999,0.424560546875,0.36796875
823,0.0183525390625,1.049560546875,0.7679687500000001
824,0.0140400390624999,0.658935546875,0.31796875
825,0.0485400390625,1.283935546875,0.71796875
826,0.0657900390624999,0.346435546875,0.11796875
827,0.0312900390625,0.971435546875,0.51796875
828,0.0226650390624999,0.502685546875,0.6179687500000001
829,0.0571650390624999,1.127685546875,0.21796875
830,0.0399150390624999,0.815185546875,0.41796875
831,0.0054150390625,1.440185546875,0.01796875
832,0.0059541015624999,0.688232421875,0.43671875
833,0.0404541015625,1.313232421875,0.03671875
834,0.0577041015625,0.375732421875,0.63671875
835,0.0232041015625,1.000732421875,0.23671875
836,0.0318291015624999,0.531982421875,0.13671875
837,0.0663291015624999,1.156982421875,0.53671875
838,0.0490791015624999,0.844482421875,0.33671875
839,0.0145791015624999,1.469482421875,0.7367187500000001
840,0.0188916015625,0.297607421875,0.38671875
841,0.0533916015624999,0.922607421875,0.78671875
842,0.0706416015624999,0.610107421875,0.18671875
843,0.0361416015625,1.235107421875,0.5867187500000001
844,0.0275166015624999,0.766357421875,0.68671875
845,0.0620166015624999,1.391357421875,0.28671875
846,0.0447666015624999,0.453857421875,0.48671875
847,0.0102666015624999,1.078857421875,0.08671875
848,0.0124228515624999,0.414794921875,0.76171875
849,0.0469228515624999,1.039794921875,0.36171875
850,0.0641728515625,0.727294921875,0.56171875
851,0.0296728515624999,1.352294921875,0.16171875
852,0.0382978515625,0.571044921875,0.26171875
853,0.0727978515625,1.196044921875,0.66171875
854,0.0555478515625,0.258544921875,0.06171875
855,0.0210478515624999,0.883544921875,0.46171875
856,0.0167353515625,0.805419921875,0.01171875
857,0.0512353515624999,1.430419921875,0.41171875
858,0.0684853515624999,0.492919921875,0.21171875
859,0.0339853515624999,1.117919921875,0.6117187500000001
860,0.0253603515624999,0.336669921875,0.51171875
861,0.0598603515625,0.961669921875,0.11171875
862,0.0426103515624999,0.649169921875,0.7117187500000001
863,0.0081103515625,1.274169921875,0.31171875
864,0.0070322265625,0.395263671875,0.19921875
865,0.0415322265624999,1.020263671875,0.59921875
866,0.0587822265625,0.707763671875,0.39921875
867,0.0242822265625,1.332763671875,0.7992187500000001
868,0.0329072265624999,0.864013671875,0.49921875
869,0.0674072265624999,1.489013671875,0.09921875
870,0.0501572265624999,0.551513671875,0.69921875
871,0.0156572265625,1.176513671875,0.29921875
872,0.0199697265624999,0.629638671875,0.6492187500000001
873,0.0544697265625,1.254638671875,0.24921875
874,0.0717197265625,0.317138671875,0.44921875
875,0.0372197265625,0.942138671875,0.04921875
876,0.0285947265625,0.473388671875,0.34921875
877,0.0630947265625,1.098388671875,0.74921875
878,0.0458447265624999,0.785888671875,0.14921875
879,0.0113447265624999,1.410888671875,0.54921875
880,0.0091884765624999,0.746826171875,0.22421875
881,0.0436884765624999,1.371826171875,0.62421875
882,0.0609384765624999,0.434326171875,0.02421875
883,0.0264384765624999,1.059326171875,0.42421875
884,0.0350634765625,0.278076171875,0.72421875
885,0.0695634765624999,0.903076171875,0.32421875
886,0.0523134765624999,0.590576171875,0.5242187500000001
887,0.0178134765625,1.215576171875,0.12421875
888,0.0135009765625,0.512451171875,0.57421875
889,0.0480009765624999,1.137451171875,0.17421875
890,0.0652509765625,0.824951171875,0.7742187500000001
891,0.0307509765624999,1.449951171875,0.37421875
892,0.0221259765624999,0.668701171875,0.07421875
893,0.0566259765625,1.293701171875,0.47421875
894,0.0393759765625,0.356201171875,0.27421875
895,0.0048759765625,0.981201171875,0.6742187500000001
896,0.0046064453125,0.771240234375,0.05859375
897,0.0391064453125,1.396240234375,0.45859375
898,0.0563564453124999,0.458740234375,0.25859375
899,0.0218564453124999,1.083740234375,0.6585937500000001
900,0.0304814453124999,0.302490234375,0.55859375
901,0.0649814453125,0.927490234375,0.15859375
902,0.0477314453124999,0.614990234375,0.7585937500000001
903,0.0132314453125,1.239990234375,0.35859375
904,0.0175439453124999,0.536865234375,0.70859375
905,0.0520439453124999,1.161865234375,0.30859375
906,0.0692939453125,0.849365234375,0.5085937500000001
907,0.0347939453125,1.474365234375,0.10859375
908,0.0261689453124999,0.693115234375,0.20859375
909,0.0606689453125,1.318115234375,0.60859375
910,0.0434189453125,0.380615234375,0.00859375
911,0.0089189453125,1.005615234375,0.40859375
912,0.0110751953125,0.341552734375,0.33359375
913,0.0455751953125,0.966552734375,0.73359375
914,0.0628251953125,0.654052734375,0.13359375
915,0.0283251953124999,1.279052734375,0.53359375
916,0.0369501953124999,0.810302734375,0.6335937500000001
917,0.0714501953124999,1.435302734375,0.23359375
918,0.0542001953124999,0.497802734375,0.43359375
919,0.0197001953125,1.122802734375,0.03359375
920,0.0153876953124999,0.575927734375,0.48359375
921,0.0498876953124999,1.200927734375,0.08359375
922,0.0671376953125,0.263427734375,0.68359375
923,0.0326376953124999,0.888427734375,0.28359375
924,0.0240126953125,0.419677734375,0.18359375
925,0.0585126953124999,1.044677734375,0.58359375
926,0.0412626953125,0.732177734375,0.38359375
927,0.0067626953125,1.357177734375,0.7835937500000001
928,0.0078408203125,0.478271484375,0.52109375
929,0.0423408203125,1.103271484375,0.12109375
930,0.0595908203124999,0.790771484375,0.7210937500000001
931,0.0250908203124999,1.415771484375,0.32109375
932,0.0337158203124999,0.634521484375,0.02109375
933,0.0682158203125,1.259521484375,0.42109375
934,0.0509658203124999,0.322021484375,0.22109375
935,0.0164658203124999,0.947021484375,0.62109375
936,0.0207783203124999,0.868896484375,0.27109375
937,0.0552783203124999,1.493896484375,0.67109375
938,0.0725283203124999,0.556396484375,0.07109375
939,0.0380283203125,1.181396484375,0.47109375
940,0.0294033203124999,0.400146484375,0.77109375
941,0.0639033203125,1.025146484375,0.37109375
942,0.0466533203124999,0.712646484375,0.5710937500000001
943,0.0121533203124999,1.337646484375,0.17109375
944,0.0099970703124999,0.673583984375,0.6960937500000001
945,0.0444970703125,1.298583984375,0.29609375
946,0.0617470703125,0.361083984375,0.49609375
947,0.0272470703124999,0.986083984375,0.09609375
948,0.0358720703124999,0.517333984375,0.39609375
949,0.0703720703124999,1.142333984375,0.79609375
950,0.0531220703124999,0.829833984375,0.19609375
951,0.0186220703125,1.454833984375,0.59609375
952,0.0143095703124999,0.282958984375,0.14609375
953,0.0488095703124999,0.907958984375,0.54609375
954,0.0660595703125,0.595458984375,0.34609375
955,0.0315595703124999,1.220458984375,0.74609375
956,0.0229345703125,0.751708984375,0.44609375
957,0.0574345703124999,1.376708984375,0.04609375
958,0.0401845703125,0.439208984375,0.64609375
959,0.0056845703125,1.064208984375,0.24609375
960,0.0051455078125,0.312255859375,0.6023437500000001
961,0.0396455078124999,0.937255859375,0.20234375
962,0.0568955078124999,0.624755859375,0.40234375
963,0.0223955078124999,1.249755859375,0.00234375
964,0.0310205078124999,0.781005859375,0.30234375
965,0.0655205078124999,1.406005859375,0.70234375
966,0.0482705078124999,0.468505859375,0.10234375
967,0.0137705078124999,1.093505859375,0.50234375
968,0.0180830078124999,0.702880859375,0.15234375
969,0.0525830078125,1.327880859375,0.55234375
970,0.0698330078125,0.390380859375,0.35234375
971,0.0353330078125,1.015380859375,0.7523437500000001
972,0.0267080078124999,0.546630859375,0.45234375
973,0.0612080078124999,1.171630859375,0.05234375
974,0.0439580078124999,0.859130859375,0.65234375
975,0.0094580078124999,1.484130859375,0.25234375
976,0.0116142578124999,0.820068359375,0.57734375
977,0.0461142578124999,1.445068359375,0.17734375
978,0.0633642578124999,0.507568359375,0.77734375
979,0.0288642578125,1.132568359375,0.37734375
980,0.0374892578124999,0.351318359375,0.07734375
981,0.0719892578125,0.976318359375,0.47734375
982,0.0547392578125,0.663818359375,0.27734375
983,0.0202392578124999,1.288818359375,0.67734375
984,0.0159267578124999,0.429443359375,0.22734375
985,0.0504267578125,1.054443359375,0.6273437500000001
986,0.0676767578125,0.741943359375,0.02734375
987,0.0331767578125,1.366943359375,0.42734375
988,0.0245517578125,0.585693359375,0.7273437500000001
989,0.0590517578124999,1.210693359375,0.32734375
990,0.0418017578124999,0.273193359375,0.52734375
991,0.0073017578125,0.898193359375,0.12734375
992,0.0062236328124999,0.605224609375,0.36484375
993,0.0407236328124999,1.230224609375,0.76484375
994,0.0579736328124999,0.292724609375,0.16484375
995,0.0234736328125,0.917724609375,0.56484375
996,0.0320986328125,0.448974609375,0.6648437500000001
997,0.0665986328125,1.073974609375,0.26484375
998,0.0493486328125,0.761474609375,0.46484375
999,0.0148486328124999,1.386474609375,0.06484375
